{"Bug":1.1984468836,"Dark":1.2519746791,"Dragon":1.1962141261,"Electric":1.2938844204,"Fairy":1.0753893262,"Fighting":1.4228108192,"Fire":1.095159263,"Flying":1.6991456672,"Ghost":1.2931652508,"Grass":1.0,"Ground":1.3102470839,"Ice":1.1037812916,"Normal":1.0691302976,"Poison":1.0757428899,"Psychic":1.1679445984,"Rock":1.1768722897,"Steel":1.4781984435,"Water":1.1285625475}